﻿First Name,Last Name,Street,City,Postcode,Country,Phone Number,Email,Content Preference,Interval
Robert,Felton,29 Haslemere Road,Easton Grey,SN16 4GP,United Kingdom,+44 79 7058 2418,ToborleroneTestUsersInbox+1@gmail.com,Tech,Daily
Bernardine,Bradshaw,59 Cloch Rd,St Lawrence,JE3 7WD,United Kingdom,+44 77 3975 9489,ToborleroneTestUsersInbox+2@gmail.com,Tech,Daily
Sarai,Serrano,34 Glandovey Terrace,Trevarrick,PL26 6NJ,United Kingdom,+44 77 1096 6675,ToborleroneTestUsersInbox+3@gmail.com,Hobbies,Weekdays
Miriam,Dennis,66 Neville Street,Inchinnan,PA4 5YS,United Kingdom,+44 78 8750 3473,ToborleroneTestUsersInbox+4@gmail.com,Hobbies,Daily
Spring,Barrera,3 Manor Way,Great Swinburne,NE48 8TS,United Kingdom,+44 77 7772 7161,ToborleroneTestUsersInbox+5@gmail.com,Sport,Daily
Geraldo,Tucker,61 Withers Close,Almeley,HR3 7BX,United Kingdom,+44 78 8080 3399,ToborleroneTestUsersInbox+6@gmail.com,Hobbies,Daily
Chang,Echols,23 Golf Road,Swepstone,LE67 6YA,United Kingdom,+44 79 8729 3540,ToborleroneTestUsersInbox+7@gmail.com,Sport,Daily
Cleora,Hand,69 Abingdon Road,Brampton Abbotts,HR9 1PA,United Kingdom,+44 79 1253 7832,ToborleroneTestUsersInbox+8@gmail.com,Tech,Daily
Luann,Doherty,53 Shannon Way,Childrey,OX12 8NF,United Kingdom,+44 78 5615 5031,ToborleroneTestUsersInbox+9@gmail.com,Sport,Daily
Francis,Earl,52 Lairg Road,Newbrough,NE47 1QH,United Kingdom,+44 79 8970 5807,ToborleroneTestUsersInbox+10@gmail.com,Sport,Daily
Loyce,Lockwood,8 Scotsburn Rd,Tal-y-bont,LL32 8NE,United Kingdom,+44 70 7488 4335,ToborleroneTestUsersInbox+11@gmail.com,Tech,Daily
Rudolf,Thomason,34 Annfield Rd,Bedfield,IP13 5JF,United Kingdom,+44 79 6594 8769,ToborleroneTestUsersInbox+12@gmail.com,Hobbies,Daily
Bryanna,Pratt,35 Essex Rd,Tarrant Rushton,DT11 0TG,United Kingdom,+44 79 8479 7301,ToborleroneTestUsersInbox+13@gmail.com,Tech,Daily
Cindy,Dewitt,26 Wade Lane,Sampford Courtenay,EX20 8DR,United Kingdom,+44 79 3170 3745,ToborleroneTestUsersInbox+14@gmail.com,Sport,Daily
Steffanie,Booth,77 Ings Lane,Dechmont,EH52 7AW,United Kingdom,+44 70 1666 9511,ToborleroneTestUsersInbox+15@gmail.com,Tech,Daily
Winnifred,Marshall,26 Constitution St,Llanmorlais,SA4 9NW,United Kingdom,+44 70 3450 4749,ToborleroneTestUsersInbox+16@gmail.com,Tech,Daily
Lorraine,Doty,20 Grenoble Road,Brenkley,NE13 5ZL,United Kingdom,+44 79 8122 4743,ToborleroneTestUsersInbox+17@gmail.com,Hobbies,Daily
Elmo,Lyons,61 Sloe Lane,Crowland,IP31 5YL,United Kingdom,+44 78 3289 8254,ToborleroneTestUsersInbox+18@gmail.com,Hobbies,Daily
Fidela,Mcmanus,76 Trehafod Road,Bull Bay,LL68 7JL,United Kingdom,+44 78 2394 8561,ToborleroneTestUsersInbox+19@gmail.com,Sport,Daily
Jovita,Knox,87 Ponteland Rd,Hounslow East,TW3 4NH,United Kingdom,+44 78 4786 6479,ToborleroneTestUsersInbox+20@gmail.com,Tech,Daily
Lynsey,Mejia,14 Station Rd,Pwll Trap,SA33 0NE,United Kingdom,+44 79 3043 8544,ToborleroneTestUsersInbox+21@gmail.com,Hobbies,Daily
Jong,Gallegos,21 Shire Oak Road,Scotsburn,IV18 4YE,United Kingdom,+44 77 2670 4363,ToborleroneTestUsersInbox+22@gmail.com,Hobbies,Daily
Odell,Delacruz,93 Harehills Lane,Rowney Green,B48 9SY,United Kingdom,+44 79 8725 2672,ToborleroneTestUsersInbox+23@gmail.com,Hobbies,Daily
Vivian,Meier,77 Golf Road,Swinton,HG4 3ED,United Kingdom,+44 70 1565 6997,ToborleroneTestUsersInbox+24@gmail.com,Tech,Daily
Delores,Emerson,56 Sutton Wick Lane,Bridstow,HR9 8NF,United Kingdom,+44 70 7438 6133,ToborleroneTestUsersInbox+25@gmail.com,Sport,Daily
Melani,Stovall,1 Roman Rd,Ledmore,PA72 3RX,United Kingdom,+44 79 0517 8223,ToborleroneTestUsersInbox+26@gmail.com,Sport,Daily
Peggie,Driscoll,66 Coast Rd,Kirkby Bellars,LE14 9LT,United Kingdom,+44 77 1702 9281,ToborleroneTestUsersInbox+27@gmail.com,Sport,Daily
Alonzo,Porter,88 Eastbourne Rd,Cold Ashby,NN6 6RE,United Kingdom,+44 79 8907 1488,ToborleroneTestUsersInbox+28@gmail.com,Hobbies,Daily
Ayana,Beard,20 Balsham Road,Hasguard,SA62 5YB,United Kingdom,+44 78 8296 6315,ToborleroneTestUsersInbox+29@gmail.com,Hobbies,Daily
Magnolia,Diamond,33 South Crescent,Lyneholmeford,CA6 6TN,United Kingdom,+44 78 1726 2889,ToborleroneTestUsersInbox+30@gmail.com,Sport,Daily
Valerie,Osborne,51 Bridge Street,Golden Green,TN11 8SL,United Kingdom,+44 78 6367 9308,ToborleroneTestUsersInbox+31@gmail.com,Sport,Daily
Manuel,Yu,47 Guildford Rd,East Combe,TA4 8PG,United Kingdom,+44 70 4816 4425,ToborleroneTestUsersInbox+32@gmail.com,Tech,Daily
Nicolle,Dukes,32 Thompsons Lane,Mellis,IP23 9WS,United Kingdom,+44 70 3891 7507,ToborleroneTestUsersInbox+33@gmail.com,Hobbies,Daily
Lucila,Church,81 Glenurquhart Road,Bale,NR21 1PG,United Kingdom,+44 77 7551 9286,ToborleroneTestUsersInbox+34@gmail.com,Tech,Weekdays
Lavern,Barnhart,36 Park Terrace,Gilling West,DL10 7AW,United Kingdom,+44 70 6577 3514,ToborleroneTestUsersInbox+35@gmail.com,Sport,Daily
Gaynelle,Wilkins,62 Holburn Lane,Helpringham,NG34 2BR,United Kingdom,+44 70 5776 6368,ToborleroneTestUsersInbox+36@gmail.com,Tech,Daily
Tamekia,Romero,25 Middlewich Road,Flemingston,CF62 5YR,United Kingdom,+44 79 7942 2725,ToborleroneTestUsersInbox+37@gmail.com,Hobbies,Daily
Chelsie,Frye,9 Whatlington Road,Cowan Bridge,LA6 2GS,United Kingdom,+44 77 6338 6856,ToborleroneTestUsersInbox+38@gmail.com,Sport,Daily
Summer,Purvis,62 Maidstone Road,Welling,DA16 0UB,United Kingdom,+44 79 7894 8375,ToborleroneTestUsersInbox+39@gmail.com,Hobbies,Daily
Cari,Mayfield,61 Caerfai Bay Road,Tenterden,TN30 7BJ,United Kingdom,+44 78 6637 3564,ToborleroneTestUsersInbox+40@gmail.com,Tech,Daily
Hortense,Davies,56 Crescent Avenue,Duck's Cross,MK44 6JZ,United Kingdom,+44 70 1044 8417,ToborleroneTestUsersInbox+41@gmail.com,Tech,Daily
Debbi,Brantley,31 Argyll Road,Llanaelhaearn,LL54 9TU,United Kingdom,+44 79 7281 9137,ToborleroneTestUsersInbox+42@gmail.com,Tech,Daily
Tonia,Roberson,6 Copthorne Way,Calmore,SO40 8PS,United Kingdom,+44 70 4497 1387,ToborleroneTestUsersInbox+43@gmail.com,Tech,Daily
Barrie,Carver,72 Bishopgate Street,Seaton Junction,EX13 9DF,United Kingdom,+44 77 5697 8352,ToborleroneTestUsersInbox+44@gmail.com,Tech,Weekdays
Herman,Mcginnis,83 St Denys Road,Portreath,TR16 7NN,United Kingdom,+44 78 5566 4396,ToborleroneTestUsersInbox+45@gmail.com,Hobbies,Daily
Tatum,Burton,64 Shannon Way,Chiddingstone Hoath,TN8 7YR,United Kingdom,+44 78 6627 7655,ToborleroneTestUsersInbox+46@gmail.com,Tech,Daily
Isaias,Bridges,95 Wood Lane,Badbea,KW7 5LD,United Kingdom,+44 79 2706 5618,ToborleroneTestUsersInbox+47@gmail.com,Sport,Weekdays
Omar,Bush,69 Quay Street,Navidale,KW8 4HB,United Kingdom,+44 70 8731 1085,ToborleroneTestUsersInbox+48@gmail.com,Hobbies,Daily
Anamaria,Bernard,35 Hart Road,Northchapel,GU28 6WT,United Kingdom,+44 78 8731 7825,ToborleroneTestUsersInbox+49@gmail.com,Sport,Daily
Adelia,Murdock,36 Caerfai Bay Road,Tetford,LN9 4NY,United Kingdom,+44 77 1685 8660,ToborleroneTestUsersInbox+50@gmail.com,Hobbies,Daily
